model;params;dataset;type;average;acc;prec;recall;f1;time
NB;"{""alpha"": 1.0, ""class_prior"": null, ""fit_prior"": true}";clean_tweeter_3;tfidf;binary;0.9112942317014057;1.0;0.6179540709812108;0.7638709677419354;0.0018460000000000143
NB;"{""alpha"": 1.0, ""class_prior"": null, ""fit_prior"": true}";clean_tweeter_3;bow;binary;0.9757634512845371;0.9132947976878613;0.9895615866388309;0.9498997995991983;1.3615801000000003
DT;"{""ccp_alpha"": 0.0, ""class_weight"": null, ""criterion"": ""entropy"", ""max_depth"": null, ""max_features"": null, ""max_leaf_nodes"": null, ""min_impurity_decrease"": 0.0, ""min_samples_leaf"": 1, ""min_samples_split"": 2, ""min_weight_fraction_leaf"": 0.0, ""random_state"": 1, ""splitter"": ""best""}";clean_tweeter_3;tfidf;binary;0.9951526902569074;1.0;0.9791231732776617;0.989451476793249;0.5812584000000003
DT;"{""ccp_alpha"": 0.0, ""class_weight"": null, ""criterion"": ""entropy"", ""max_depth"": null, ""max_features"": null, ""max_leaf_nodes"": null, ""min_impurity_decrease"": 0.0, ""min_samples_leaf"": 1, ""min_samples_split"": 2, ""min_weight_fraction_leaf"": 0.0, ""random_state"": 1, ""splitter"": ""best""}";clean_tweeter_3;bow;binary;0.9941832283082889;0.997867803837953;0.9770354906054279;0.9873417721518986;20.151270099999998
RF;"{""bootstrap"": true, ""ccp_alpha"": 0.0, ""class_weight"": null, ""criterion"": ""gini"", ""max_depth"": null, ""max_features"": ""sqrt"", ""max_leaf_nodes"": null, ""max_samples"": null, ""min_impurity_decrease"": 0.0, ""min_samples_leaf"": 1, ""min_samples_split"": 2, ""min_weight_fraction_leaf"": 0.0, ""n_estimators"": 100, ""n_jobs"": -1, ""oob_score"": false, ""random_state"": null, ""verbose"": 0, ""warm_start"": false}";clean_tweeter_3;tfidf;binary;0.9961221522055259;1.0;0.9832985386221295;0.991578947368421;1.469494300000001
RF;"{""bootstrap"": true, ""ccp_alpha"": 0.0, ""class_weight"": null, ""criterion"": ""gini"", ""max_depth"": null, ""max_features"": ""sqrt"", ""max_leaf_nodes"": null, ""max_samples"": null, ""min_impurity_decrease"": 0.0, ""min_samples_leaf"": 1, ""min_samples_split"": 2, ""min_weight_fraction_leaf"": 0.0, ""n_estimators"": 100, ""n_jobs"": -1, ""oob_score"": false, ""random_state"": null, ""verbose"": 0, ""warm_start"": false}";clean_tweeter_3;bow;binary;0.9956374212312167;1.0;0.9812108559498957;0.9905163329820864;20.8413107
SVM;"{""C"": 1.0, ""break_ties"": false, ""cache_size"": 200, ""class_weight"": null, ""coef0"": 0.0, ""decision_function_shape"": ""ovr"", ""degree"": 3, ""gamma"": ""scale"", ""kernel"": ""linear"", ""max_iter"": -1, ""probability"": false, ""random_state"": null, ""shrinking"": true, ""tol"": 0.001, ""verbose"": false}";clean_tweeter_3;tfidf;binary;0.9927290353853612;1.0;0.9686847599164927;0.9840933191940615;1.2976145000000017
SVM;"{""C"": 1.0, ""break_ties"": false, ""cache_size"": 200, ""class_weight"": null, ""coef0"": 0.0, ""decision_function_shape"": ""ovr"", ""degree"": 3, ""gamma"": ""scale"", ""kernel"": ""linear"", ""max_iter"": -1, ""probability"": false, ""random_state"": null, ""shrinking"": true, ""tol"": 0.001, ""verbose"": false}";clean_tweeter_3;bow;binary;0.9941832283082889;1.0;0.9749478079331941;0.9873150105708245;472.8233611
KNN;"{""algorithm"": ""auto"", ""leaf_size"": 30, ""metric"": ""minkowski"", ""metric_params"": null, ""n_jobs"": null, ""n_neighbors"": 5, ""p"": 2, ""weights"": ""uniform""}";clean_tweeter_3;tfidf;binary;0.6766844401357247;0.3142292490118577;0.33194154488517746;0.3228426395939087;0.21728250000001026
KNN;"{""algorithm"": ""auto"", ""leaf_size"": 30, ""metric"": ""minkowski"", ""metric_params"": null, ""n_jobs"": null, ""n_neighbors"": 5, ""p"": 2, ""weights"": ""uniform""}";clean_tweeter_3;bow;binary;0.9413475521085798;0.8776371308016878;0.8684759916492694;0.8730325288562435;2.2576378999999633
NB;"{""alpha"": 1.0, ""class_prior"": null, ""fit_prior"": true}";clean_tweeter_3;tfidf max_features=2000;binary;0.956858943286476;0.9562982005141388;0.8378378378378378;0.8931572629051621;0.0012614999999998044
NB;"{""alpha"": 1.0, ""class_prior"": null, ""fit_prior"": true}";clean_tweeter_3;bow max_features=2000;binary;0.9772176442074648;0.9161425576519916;0.9842342342342343;0.9489685124864278;0.15997039999999996
DT;"{""ccp_alpha"": 0.0, ""class_weight"": null, ""criterion"": ""entropy"", ""max_depth"": null, ""max_features"": null, ""max_leaf_nodes"": null, ""min_impurity_decrease"": 0.0, ""min_samples_leaf"": 1, ""min_samples_split"": 2, ""min_weight_fraction_leaf"": 0.0, ""random_state"": 1, ""splitter"": ""best""}";clean_tweeter_3;tfidf max_features=2000;binary;0.9927290353853612;0.9841986455981941;0.9819819819819819;0.9830890642615557;0.22822050000000016
DT;"{""ccp_alpha"": 0.0, ""class_weight"": null, ""criterion"": ""entropy"", ""max_depth"": null, ""max_features"": null, ""max_leaf_nodes"": null, ""min_impurity_decrease"": 0.0, ""min_samples_leaf"": 1, ""min_samples_split"": 2, ""min_weight_fraction_leaf"": 0.0, ""random_state"": 1, ""splitter"": ""best""}";clean_tweeter_3;bow max_features=2000;binary;0.9936984973339796;0.9908883826879271;0.9797297297297297;0.9852774631936579;3.4804508
RF;"{""bootstrap"": true, ""ccp_alpha"": 0.0, ""class_weight"": null, ""criterion"": ""gini"", ""max_depth"": null, ""max_features"": ""sqrt"", ""max_leaf_nodes"": null, ""max_samples"": null, ""min_impurity_decrease"": 0.0, ""min_samples_leaf"": 1, ""min_samples_split"": 2, ""min_weight_fraction_leaf"": 0.0, ""n_estimators"": 100, ""n_jobs"": -1, ""oob_score"": false, ""random_state"": null, ""verbose"": 0, ""warm_start"": false}";clean_tweeter_3;tfidf max_features=2000;binary;0.9951526902569074;0.9931818181818182;0.9842342342342343;0.9886877828054299;0.22129820000000056
RF;"{""bootstrap"": true, ""ccp_alpha"": 0.0, ""class_weight"": null, ""criterion"": ""gini"", ""max_depth"": null, ""max_features"": ""sqrt"", ""max_leaf_nodes"": null, ""max_samples"": null, ""min_impurity_decrease"": 0.0, ""min_samples_leaf"": 1, ""min_samples_split"": 2, ""min_weight_fraction_leaf"": 0.0, ""n_estimators"": 100, ""n_jobs"": -1, ""oob_score"": false, ""random_state"": null, ""verbose"": 0, ""warm_start"": false}";clean_tweeter_3;bow max_features=2000;binary;0.9961221522055259;1.0;0.9819819819819819;0.9909090909090909;3.0012795999999993
SVM;"{""C"": 1.0, ""break_ties"": false, ""cache_size"": 200, ""class_weight"": null, ""coef0"": 0.0, ""decision_function_shape"": ""ovr"", ""degree"": 3, ""gamma"": ""scale"", ""kernel"": ""linear"", ""max_iter"": -1, ""probability"": false, ""random_state"": null, ""shrinking"": true, ""tol"": 0.001, ""verbose"": false}";clean_tweeter_3;tfidf max_features=2000;binary;0.9936984973339796;1.0;0.9707207207207207;0.9851428571428571;0.6016180999999996
SVM;"{""C"": 1.0, ""break_ties"": false, ""cache_size"": 200, ""class_weight"": null, ""coef0"": 0.0, ""decision_function_shape"": ""ovr"", ""degree"": 3, ""gamma"": ""scale"", ""kernel"": ""linear"", ""max_iter"": -1, ""probability"": false, ""random_state"": null, ""shrinking"": true, ""tol"": 0.001, ""verbose"": false}";clean_tweeter_3;bow max_features=2000;binary;0.9961221522055259;1.0;0.9819819819819819;0.9909090909090909;2.9239326000000005
KNN;"{""algorithm"": ""auto"", ""leaf_size"": 30, ""metric"": ""minkowski"", ""metric_params"": null, ""n_jobs"": null, ""n_neighbors"": 5, ""p"": 2, ""weights"": ""uniform""}";clean_tweeter_3;tfidf max_features=2000;binary;0.8158022297624818;0.9444444444444444;0.15315315315315314;0.2635658914728682;0.23318230000000106
KNN;"{""algorithm"": ""auto"", ""leaf_size"": 30, ""metric"": ""minkowski"", ""metric_params"": null, ""n_jobs"": null, ""n_neighbors"": 5, ""p"": 2, ""weights"": ""uniform""}";clean_tweeter_3;bow max_features=2000;binary;0.9728550654386815;1.0;0.8738738738738738;0.9326923076923077;0.45420259999999857
NB;"{""alpha"": 1.0, ""class_prior"": null, ""fit_prior"": true}";clean_reddit_cleaned;tfidf max_features=2000;binary;0.9056237879767292;0.861904761904762;0.9602122015915119;0.9084065244667503;0.0014362000000001096
NB;"{""alpha"": 1.0, ""class_prior"": null, ""fit_prior"": true}";clean_reddit_cleaned;bow max_features=2000;binary;0.9095022624434389;0.8611764705882353;0.9708222811671088;0.912718204488778;0.11597839999999993
DT;"{""ccp_alpha"": 0.0, ""class_weight"": null, ""criterion"": ""entropy"", ""max_depth"": null, ""max_features"": null, ""max_leaf_nodes"": null, ""min_impurity_decrease"": 0.0, ""min_samples_leaf"": 1, ""min_samples_split"": 2, ""min_weight_fraction_leaf"": 0.0, ""random_state"": 1, ""splitter"": ""best""}";clean_reddit_cleaned;tfidf max_features=2000;binary;0.9263089851325146;0.940771349862259;0.9058355437665783;0.922972972972973;0.3123535999999998
DT;"{""ccp_alpha"": 0.0, ""class_weight"": null, ""criterion"": ""entropy"", ""max_depth"": null, ""max_features"": null, ""max_leaf_nodes"": null, ""min_impurity_decrease"": 0.0, ""min_samples_leaf"": 1, ""min_samples_split"": 2, ""min_weight_fraction_leaf"": 0.0, ""random_state"": 1, ""splitter"": ""best""}";clean_reddit_cleaned;bow max_features=2000;binary;0.9004524886877828;0.9120879120879121;0.8806366047745358;0.8960863697705803;2.1445781
RF;"{""bootstrap"": true, ""ccp_alpha"": 0.0, ""class_weight"": null, ""criterion"": ""gini"", ""max_depth"": null, ""max_features"": ""sqrt"", ""max_leaf_nodes"": null, ""max_samples"": null, ""min_impurity_decrease"": 0.0, ""min_samples_leaf"": 1, ""min_samples_split"": 2, ""min_weight_fraction_leaf"": 0.0, ""n_estimators"": 100, ""n_jobs"": -1, ""oob_score"": false, ""random_state"": null, ""verbose"": 0, ""warm_start"": false}";clean_reddit_cleaned;tfidf max_features=2000;binary;0.9592760180995475;0.992867332382311;0.9230769230769231;0.9567010309278351;0.3837097000000007
RF;"{""bootstrap"": true, ""ccp_alpha"": 0.0, ""class_weight"": null, ""criterion"": ""gini"", ""max_depth"": null, ""max_features"": ""sqrt"", ""max_leaf_nodes"": null, ""max_samples"": null, ""min_impurity_decrease"": 0.0, ""min_samples_leaf"": 1, ""min_samples_split"": 2, ""min_weight_fraction_leaf"": 0.0, ""n_estimators"": 100, ""n_jobs"": -1, ""oob_score"": false, ""random_state"": null, ""verbose"": 0, ""warm_start"": false}";clean_reddit_cleaned;bow max_features=2000;binary;0.9508726567550096;0.9815340909090909;0.916445623342175;0.9478737997256516;0.9883586000000006
SVM;"{""C"": 1.0, ""break_ties"": false, ""cache_size"": 200, ""class_weight"": null, ""coef0"": 0.0, ""decision_function_shape"": ""ovr"", ""degree"": 3, ""gamma"": ""scale"", ""kernel"": ""linear"", ""max_iter"": -1, ""probability"": false, ""random_state"": null, ""shrinking"": true, ""tol"": 0.001, ""verbose"": false}";clean_reddit_cleaned;tfidf max_features=2000;binary;0.9547511312217195;0.9803370786516854;0.9257294429708223;0.9522510231923601;1.0216311999999999
SVM;"{""C"": 1.0, ""break_ties"": false, ""cache_size"": 200, ""class_weight"": null, ""coef0"": 0.0, ""decision_function_shape"": ""ovr"", ""degree"": 3, ""gamma"": ""scale"", ""kernel"": ""linear"", ""max_iter"": -1, ""probability"": false, ""random_state"": null, ""shrinking"": true, ""tol"": 0.001, ""verbose"": false}";clean_reddit_cleaned;bow max_features=2000;binary;0.9515190691661279;0.970873786407767;0.9283819628647215;0.9491525423728813;3.880061200000001
KNN;"{""algorithm"": ""auto"", ""leaf_size"": 30, ""metric"": ""minkowski"", ""metric_params"": null, ""n_jobs"": null, ""n_neighbors"": 5, ""p"": 2, ""weights"": ""uniform""}";clean_reddit_cleaned;tfidf max_features=2000;binary;0.5559146735617324;0.9036144578313253;0.09946949602122016;0.17921146953405015;0.20596250000000005
KNN;"{""algorithm"": ""auto"", ""leaf_size"": 30, ""metric"": ""minkowski"", ""metric_params"": null, ""n_jobs"": null, ""n_neighbors"": 5, ""p"": 2, ""weights"": ""uniform""}";clean_reddit_cleaned;bow max_features=2000;binary;0.7789269553975436;1.0;0.5464190981432361;0.7066895368782162;0.2983987000000017
NB;"{""alpha"": 1.0, ""class_prior"": null, ""fit_prior"": true}";clean_reddit_cleaned;tfidf max_features=1000;binary;0.8959276018099548;0.8510882016036655;0.9599483204134367;0.9022465088038859;0.0014225999999997185
NB;"{""alpha"": 1.0, ""class_prior"": null, ""fit_prior"": true}";clean_reddit_cleaned;bow max_features=1000;binary;0.8965740142210731;0.8449438202247191;0.9715762273901809;0.9038461538461539;0.044534199999999746
DT;"{""ccp_alpha"": 0.0, ""class_weight"": null, ""criterion"": ""entropy"", ""max_depth"": null, ""max_features"": null, ""max_leaf_nodes"": null, ""min_impurity_decrease"": 0.0, ""min_samples_leaf"": 1, ""min_samples_split"": 2, ""min_weight_fraction_leaf"": 0.0, ""random_state"": 1, ""splitter"": ""best""}";clean_reddit_cleaned;tfidf max_features=1000;binary;0.9288946347769877;0.9450402144772118;0.9108527131782945;0.9276315789473684;0.2352318999999996
DT;"{""ccp_alpha"": 0.0, ""class_weight"": null, ""criterion"": ""entropy"", ""max_depth"": null, ""max_features"": null, ""max_leaf_nodes"": null, ""min_impurity_decrease"": 0.0, ""min_samples_leaf"": 1, ""min_samples_split"": 2, ""min_weight_fraction_leaf"": 0.0, ""random_state"": 1, ""splitter"": ""best""}";clean_reddit_cleaned;bow max_features=1000;binary;0.9133807369101486;0.9278074866310161;0.896640826873385;0.9119579500657031;0.8679785999999998
RF;"{""bootstrap"": true, ""ccp_alpha"": 0.0, ""class_weight"": null, ""criterion"": ""gini"", ""max_depth"": null, ""max_features"": ""sqrt"", ""max_leaf_nodes"": null, ""max_samples"": null, ""min_impurity_decrease"": 0.0, ""min_samples_leaf"": 1, ""min_samples_split"": 2, ""min_weight_fraction_leaf"": 0.0, ""n_estimators"": 100, ""n_jobs"": -1, ""oob_score"": false, ""random_state"": null, ""verbose"": 0, ""warm_start"": false}";clean_reddit_cleaned;tfidf max_features=1000;binary;0.9605688429217841;0.9917241379310345;0.9289405684754521;0.9593062041360908;0.3228078000000001
RF;"{""bootstrap"": true, ""ccp_alpha"": 0.0, ""class_weight"": null, ""criterion"": ""gini"", ""max_depth"": null, ""max_features"": ""sqrt"", ""max_leaf_nodes"": null, ""max_samples"": null, ""min_impurity_decrease"": 0.0, ""min_samples_leaf"": 1, ""min_samples_split"": 2, ""min_weight_fraction_leaf"": 0.0, ""n_estimators"": 100, ""n_jobs"": -1, ""oob_score"": false, ""random_state"": null, ""verbose"": 0, ""warm_start"": false}";clean_reddit_cleaned;bow max_features=1000;binary;0.9547511312217195;0.9808743169398907;0.9276485788113695;0.9535192563081009;0.41806560000000026
SVM;"{""C"": 1.0, ""break_ties"": false, ""cache_size"": 200, ""class_weight"": null, ""coef0"": 0.0, ""decision_function_shape"": ""ovr"", ""degree"": 3, ""gamma"": ""scale"", ""kernel"": ""linear"", ""max_iter"": -1, ""probability"": false, ""random_state"": null, ""shrinking"": true, ""tol"": 0.001, ""verbose"": false}";clean_reddit_cleaned;tfidf max_features=1000;binary;0.9573367808661927;0.9796747967479674;0.9341085271317829;0.9563492063492063;0.8503031999999999
SVM;"{""C"": 1.0, ""break_ties"": false, ""cache_size"": 200, ""class_weight"": null, ""coef0"": 0.0, ""decision_function_shape"": ""ovr"", ""degree"": 3, ""gamma"": ""scale"", ""kernel"": ""linear"", ""max_iter"": -1, ""probability"": false, ""random_state"": null, ""shrinking"": true, ""tol"": 0.001, ""verbose"": false}";clean_reddit_cleaned;bow max_features=1000;binary;0.962508080155139;0.976063829787234;0.9483204134366925;0.9619921363040629;1.8938007
KNN;"{""algorithm"": ""auto"", ""leaf_size"": 30, ""metric"": ""minkowski"", ""metric_params"": null, ""n_jobs"": null, ""n_neighbors"": 5, ""p"": 2, ""weights"": ""uniform""}";clean_reddit_cleaned;tfidf max_features=1000;binary;0.5565610859728507;0.9313725490196079;0.1227390180878553;0.21689497716894976;0.19787140000000036
KNN;"{""algorithm"": ""auto"", ""leaf_size"": 30, ""metric"": ""minkowski"", ""metric_params"": null, ""n_jobs"": null, ""n_neighbors"": 5, ""p"": 2, ""weights"": ""uniform""}";clean_reddit_cleaned;bow max_features=1000;binary;0.7698771816418876;0.986046511627907;0.5478036175710594;0.7043189368770765;0.21169070000000012
NB;"{""alpha"": 1.0, ""class_prior"": null, ""fit_prior"": true}";clean_reddit_cleaned;tfidf max_features=500;binary;0.8765352294764059;0.8304696449026346;0.9440104166666666;0.8836075563680682;0.0012690000000001866
NB;"{""alpha"": 1.0, ""class_prior"": null, ""fit_prior"": true}";clean_reddit_cleaned;bow max_features=500;binary;0.8687782805429864;0.8114663726571113;0.9583333333333334;0.8788059701492537;0.022915199999999913
DT;"{""ccp_alpha"": 0.0, ""class_weight"": null, ""criterion"": ""entropy"", ""max_depth"": null, ""max_features"": null, ""max_leaf_nodes"": null, ""min_impurity_decrease"": 0.0, ""min_samples_leaf"": 1, ""min_samples_split"": 2, ""min_weight_fraction_leaf"": 0.0, ""random_state"": 1, ""splitter"": ""best""}";clean_reddit_cleaned;tfidf max_features=500;binary;0.9237233354880414;0.9551820728291317;0.8880208333333334;0.9203778677462888;0.17109209999999964
DT;"{""ccp_alpha"": 0.0, ""class_weight"": null, ""criterion"": ""entropy"", ""max_depth"": null, ""max_features"": null, ""max_leaf_nodes"": null, ""min_impurity_decrease"": 0.0, ""min_samples_leaf"": 1, ""min_samples_split"": 2, ""min_weight_fraction_leaf"": 0.0, ""random_state"": 1, ""splitter"": ""best""}";clean_reddit_cleaned;bow max_features=500;binary;0.9140271493212669;0.9478138222849083;0.875;0.909952606635071;0.31557369999999985
RF;"{""bootstrap"": true, ""ccp_alpha"": 0.0, ""class_weight"": null, ""criterion"": ""gini"", ""max_depth"": null, ""max_features"": ""sqrt"", ""max_leaf_nodes"": null, ""max_samples"": null, ""min_impurity_decrease"": 0.0, ""min_samples_leaf"": 1, ""min_samples_split"": 2, ""min_weight_fraction_leaf"": 0.0, ""n_estimators"": 100, ""n_jobs"": -1, ""oob_score"": false, ""random_state"": null, ""verbose"": 0, ""warm_start"": false}";clean_reddit_cleaned;tfidf max_features=500;binary;0.9573367808661927;0.9915966386554622;0.921875;0.9554655870445343;0.2877499000000001
RF;"{""bootstrap"": true, ""ccp_alpha"": 0.0, ""class_weight"": null, ""criterion"": ""gini"", ""max_depth"": null, ""max_features"": ""sqrt"", ""max_leaf_nodes"": null, ""max_samples"": null, ""min_impurity_decrease"": 0.0, ""min_samples_leaf"": 1, ""min_samples_split"": 2, ""min_weight_fraction_leaf"": 0.0, ""n_estimators"": 100, ""n_jobs"": -1, ""oob_score"": false, ""random_state"": null, ""verbose"": 0, ""warm_start"": false}";clean_reddit_cleaned;bow max_features=500;binary;0.9528118939883645;0.9901269393511989;0.9140625;0.9505754908598512;0.2544163000000004
SVM;"{""C"": 1.0, ""break_ties"": false, ""cache_size"": 200, ""class_weight"": null, ""coef0"": 0.0, ""decision_function_shape"": ""ovr"", ""degree"": 3, ""gamma"": ""scale"", ""kernel"": ""linear"", ""max_iter"": -1, ""probability"": false, ""random_state"": null, ""shrinking"": true, ""tol"": 0.001, ""verbose"": false}";clean_reddit_cleaned;tfidf max_features=500;binary;0.957983193277311;0.9929873772791024;0.921875;0.9561107359891964;0.696733
SVM;"{""C"": 1.0, ""break_ties"": false, ""cache_size"": 200, ""class_weight"": null, ""coef0"": 0.0, ""decision_function_shape"": ""ovr"", ""degree"": 3, ""gamma"": ""scale"", ""kernel"": ""linear"", ""max_iter"": -1, ""probability"": false, ""random_state"": null, ""shrinking"": true, ""tol"": 0.001, ""verbose"": false}";clean_reddit_cleaned;bow max_features=500;binary;0.962508080155139;0.9849726775956285;0.9388020833333334;0.9613333333333334;0.8429530000000001
KNN;"{""algorithm"": ""auto"", ""leaf_size"": 30, ""metric"": ""minkowski"", ""metric_params"": null, ""n_jobs"": null, ""n_neighbors"": 5, ""p"": 2, ""weights"": ""uniform""}";clean_reddit_cleaned;tfidf max_features=500;binary;0.5927601809954751;0.9423076923076923;0.19140625;0.3181818181818182;0.19443380000000055
KNN;"{""algorithm"": ""auto"", ""leaf_size"": 30, ""metric"": ""minkowski"", ""metric_params"": null, ""n_jobs"": null, ""n_neighbors"": 5, ""p"": 2, ""weights"": ""uniform""}";clean_reddit_cleaned;bow max_features=500;binary;0.7828054298642534;0.9976958525345622;0.5638020833333334;0.7204658901830283;0.15481629999999935
NB;"{""alpha"": 1.0, ""class_prior"": null, ""fit_prior"": true}";clean_reddit_cleaned;tfidf max_features=250;binary;0.861021331609567;0.809801633605601;0.9302949061662198;0.8658764815970056;0.0012088000000001209
NB;"{""alpha"": 1.0, ""class_prior"": null, ""fit_prior"": true}";clean_reddit_cleaned;bow max_features=250;binary;0.8616677440206852;0.8029612756264237;0.9450402144772118;0.8682266009852218;0.011631500000000017
DT;"{""ccp_alpha"": 0.0, ""class_weight"": null, ""criterion"": ""entropy"", ""max_depth"": null, ""max_features"": null, ""max_leaf_nodes"": null, ""min_impurity_decrease"": 0.0, ""min_samples_leaf"": 1, ""min_samples_split"": 2, ""min_weight_fraction_leaf"": 0.0, ""random_state"": 1, ""splitter"": ""best""}";clean_reddit_cleaned;tfidf max_features=250;binary;0.9288946347769877;0.9297297297297298;0.9222520107238605;0.9259757738896366;0.1268012999999999
DT;"{""ccp_alpha"": 0.0, ""class_weight"": null, ""criterion"": ""entropy"", ""max_depth"": null, ""max_features"": null, ""max_leaf_nodes"": null, ""min_impurity_decrease"": 0.0, ""min_samples_leaf"": 1, ""min_samples_split"": 2, ""min_weight_fraction_leaf"": 0.0, ""random_state"": 1, ""splitter"": ""best""}";clean_reddit_cleaned;bow max_features=250;binary;0.9198448610213316;0.9380281690140845;0.8927613941018767;0.9148351648351648;0.1526474000000002
RF;"{""bootstrap"": true, ""ccp_alpha"": 0.0, ""class_weight"": null, ""criterion"": ""gini"", ""max_depth"": null, ""max_features"": ""sqrt"", ""max_leaf_nodes"": null, ""max_samples"": null, ""min_impurity_decrease"": 0.0, ""min_samples_leaf"": 1, ""min_samples_split"": 2, ""min_weight_fraction_leaf"": 0.0, ""n_estimators"": 100, ""n_jobs"": -1, ""oob_score"": false, ""random_state"": null, ""verbose"": 0, ""warm_start"": false}";clean_reddit_cleaned;tfidf max_features=250;binary;0.9515190691661279;0.9732016925246827;0.9249329758713136;0.9484536082474228;0.2878542999999998
RF;"{""bootstrap"": true, ""ccp_alpha"": 0.0, ""class_weight"": null, ""criterion"": ""gini"", ""max_depth"": null, ""max_features"": ""sqrt"", ""max_leaf_nodes"": null, ""max_samples"": null, ""min_impurity_decrease"": 0.0, ""min_samples_leaf"": 1, ""min_samples_split"": 2, ""min_weight_fraction_leaf"": 0.0, ""n_estimators"": 100, ""n_jobs"": -1, ""oob_score"": false, ""random_state"": null, ""verbose"": 0, ""warm_start"": false}";clean_reddit_cleaned;bow max_features=250;binary;0.9411764705882353;0.9671897289586305;0.9088471849865952;0.9371112646855564;0.17625540000000006
SVM;"{""C"": 1.0, ""break_ties"": false, ""cache_size"": 200, ""class_weight"": null, ""coef0"": 0.0, ""decision_function_shape"": ""ovr"", ""degree"": 3, ""gamma"": ""scale"", ""kernel"": ""linear"", ""max_iter"": -1, ""probability"": false, ""random_state"": null, ""shrinking"": true, ""tol"": 0.001, ""verbose"": false}";clean_reddit_cleaned;tfidf max_features=250;binary;0.9508726567550096;0.9813218390804598;0.9155495978552279;0.9472954230235784;0.5642098
SVM;"{""C"": 1.0, ""break_ties"": false, ""cache_size"": 200, ""class_weight"": null, ""coef0"": 0.0, ""decision_function_shape"": ""ovr"", ""degree"": 3, ""gamma"": ""scale"", ""kernel"": ""linear"", ""max_iter"": -1, ""probability"": false, ""random_state"": null, ""shrinking"": true, ""tol"": 0.001, ""verbose"": false}";clean_reddit_cleaned;bow max_features=250;binary;0.9566903684550744;0.9801980198019802;0.9289544235924933;0.9538885065381968;0.44224399999999964
KNN;"{""algorithm"": ""auto"", ""leaf_size"": 30, ""metric"": ""minkowski"", ""metric_params"": null, ""n_jobs"": null, ""n_neighbors"": 5, ""p"": 2, ""weights"": ""uniform""}";clean_reddit_cleaned;tfidf max_features=250;binary;0.6522301228183581;0.9193548387096774;0.30563002680965146;0.4587525150905433;0.19869979999999998
KNN;"{""algorithm"": ""auto"", ""leaf_size"": 30, ""metric"": ""minkowski"", ""metric_params"": null, ""n_jobs"": null, ""n_neighbors"": 5, ""p"": 2, ""weights"": ""uniform""}";clean_reddit_cleaned;bow max_features=250;binary;0.8202973497091144;1.0;0.6273458445040214;0.771004942339374;0.12080389999999941
NB;"{""alpha"": 1.0, ""class_prior"": null, ""fit_prior"": true}";clean_tweeter_3;tfidf max_features=250;binary;0.969946679592826;0.9743589743589743;0.8912579957356077;0.930957683741648;0.0011535000000000295
NB;"{""alpha"": 1.0, ""class_prior"": null, ""fit_prior"": true}";clean_tweeter_3;bow max_features=250;binary;0.983034415899176;0.944672131147541;0.9829424307036247;0.9634273772204808;0.014035299999999973
DT;"{""ccp_alpha"": 0.0, ""class_weight"": null, ""criterion"": ""entropy"", ""max_depth"": null, ""max_features"": null, ""max_leaf_nodes"": null, ""min_impurity_decrease"": 0.0, ""min_samples_leaf"": 1, ""min_samples_split"": 2, ""min_weight_fraction_leaf"": 0.0, ""random_state"": 1, ""splitter"": ""best""}";clean_tweeter_3;tfidf max_features=250;binary;0.9946679592825982;1.0;0.976545842217484;0.9881337648327939;0.06093610000000016
DT;"{""ccp_alpha"": 0.0, ""class_weight"": null, ""criterion"": ""entropy"", ""max_depth"": null, ""max_features"": null, ""max_leaf_nodes"": null, ""min_impurity_decrease"": 0.0, ""min_samples_leaf"": 1, ""min_samples_split"": 2, ""min_weight_fraction_leaf"": 0.0, ""random_state"": 1, ""splitter"": ""best""}";clean_tweeter_3;bow max_features=250;binary;0.9936984973339796;0.9956521739130435;0.976545842217484;0.9860064585575887;0.17355410000000004
RF;"{""bootstrap"": true, ""ccp_alpha"": 0.0, ""class_weight"": null, ""criterion"": ""gini"", ""max_depth"": null, ""max_features"": ""sqrt"", ""max_leaf_nodes"": null, ""max_samples"": null, ""min_impurity_decrease"": 0.0, ""min_samples_leaf"": 1, ""min_samples_split"": 2, ""min_weight_fraction_leaf"": 0.0, ""n_estimators"": 100, ""n_jobs"": -1, ""oob_score"": false, ""random_state"": null, ""verbose"": 0, ""warm_start"": false}";clean_tweeter_3;tfidf max_features=250;binary;0.9951526902569074;1.0;0.9786780383795309;0.9892241379310345;0.1588754000000001
RF;"{""bootstrap"": true, ""ccp_alpha"": 0.0, ""class_weight"": null, ""criterion"": ""gini"", ""max_depth"": null, ""max_features"": ""sqrt"", ""max_leaf_nodes"": null, ""max_samples"": null, ""min_impurity_decrease"": 0.0, ""min_samples_leaf"": 1, ""min_samples_split"": 2, ""min_weight_fraction_leaf"": 0.0, ""n_estimators"": 100, ""n_jobs"": -1, ""oob_score"": false, ""random_state"": null, ""verbose"": 0, ""warm_start"": false}";clean_tweeter_3;bow max_features=250;binary;0.9951526902569074;1.0;0.9786780383795309;0.9892241379310345;0.21468040000000022
SVM;"{""C"": 1.0, ""break_ties"": false, ""cache_size"": 200, ""class_weight"": null, ""coef0"": 0.0, ""decision_function_shape"": ""ovr"", ""degree"": 3, ""gamma"": ""scale"", ""kernel"": ""linear"", ""max_iter"": -1, ""probability"": false, ""random_state"": null, ""shrinking"": true, ""tol"": 0.001, ""verbose"": false}";clean_tweeter_3;tfidf max_features=250;binary;0.9946679592825982;1.0;0.976545842217484;0.9881337648327939;0.21377020000000035
SVM;"{""C"": 1.0, ""break_ties"": false, ""cache_size"": 200, ""class_weight"": null, ""coef0"": 0.0, ""decision_function_shape"": ""ovr"", ""degree"": 3, ""gamma"": ""scale"", ""kernel"": ""linear"", ""max_iter"": -1, ""probability"": false, ""random_state"": null, ""shrinking"": true, ""tol"": 0.001, ""verbose"": false}";clean_tweeter_3;bow max_features=250;binary;0.9946679592825982;1.0;0.976545842217484;0.9881337648327939;0.2836184000000004
KNN;"{""algorithm"": ""auto"", ""leaf_size"": 30, ""metric"": ""minkowski"", ""metric_params"": null, ""n_jobs"": null, ""n_neighbors"": 5, ""p"": 2, ""weights"": ""uniform""}";clean_tweeter_3;tfidf max_features=250;binary;0.894813378574891;0.9256756756756757;0.5842217484008528;0.7163398692810458;0.21842219999999957
KNN;"{""algorithm"": ""auto"", ""leaf_size"": 30, ""metric"": ""minkowski"", ""metric_params"": null, ""n_jobs"": null, ""n_neighbors"": 5, ""p"": 2, ""weights"": ""uniform""}";clean_tweeter_3;bow max_features=250;binary;0.9772176442074648;0.9976415094339622;0.9019189765458422;0.9473684210526314;0.2716135999999998
NB;"{""alpha"": 1.0, ""class_prior"": null, ""fit_prior"": true}";clean_twitter_13;tfidf max_features=250;binary;0.64625;0.6596858638743456;0.6222222222222222;0.6404066073697586;0.0019579999999999043
NB;"{""alpha"": 1.0, ""class_prior"": null, ""fit_prior"": true}";clean_twitter_13;bow max_features=250;binary;0.64875;0.6640211640211641;0.6197530864197531;0.641123882503193;0.028461199999999964
DT;"{""ccp_alpha"": 0.0, ""class_weight"": null, ""criterion"": ""entropy"", ""max_depth"": null, ""max_features"": null, ""max_leaf_nodes"": null, ""min_impurity_decrease"": 0.0, ""min_samples_leaf"": 1, ""min_samples_split"": 2, ""min_weight_fraction_leaf"": 0.0, ""random_state"": 1, ""splitter"": ""best""}";clean_twitter_13;tfidf max_features=250;binary;0.643;0.6693136698808848;0.582716049382716;0.6230200633579724;0.5471128999999999
DT;"{""ccp_alpha"": 0.0, ""class_weight"": null, ""criterion"": ""entropy"", ""max_depth"": null, ""max_features"": null, ""max_leaf_nodes"": null, ""min_impurity_decrease"": 0.0, ""min_samples_leaf"": 1, ""min_samples_split"": 2, ""min_weight_fraction_leaf"": 0.0, ""random_state"": 1, ""splitter"": ""best""}";clean_twitter_13;bow max_features=250;binary;0.6435;0.6694963214487832;0.5841975308641976;0.623945147679325;1.1597651999999998
RF;"{""bootstrap"": true, ""ccp_alpha"": 0.0, ""class_weight"": null, ""criterion"": ""gini"", ""max_depth"": null, ""max_features"": ""sqrt"", ""max_leaf_nodes"": null, ""max_samples"": null, ""min_impurity_decrease"": 0.0, ""min_samples_leaf"": 1, ""min_samples_split"": 2, ""min_weight_fraction_leaf"": 0.0, ""n_estimators"": 100, ""n_jobs"": -1, ""oob_score"": false, ""random_state"": null, ""verbose"": 0, ""warm_start"": false}";clean_twitter_13;tfidf max_features=250;binary;0.65425;0.6694825765575502;0.6261728395061729;0.6471038530237305;0.8077549999999998
RF;"{""bootstrap"": true, ""ccp_alpha"": 0.0, ""class_weight"": null, ""criterion"": ""gini"", ""max_depth"": null, ""max_features"": ""sqrt"", ""max_leaf_nodes"": null, ""max_samples"": null, ""min_impurity_decrease"": 0.0, ""min_samples_leaf"": 1, ""min_samples_split"": 2, ""min_weight_fraction_leaf"": 0.0, ""n_estimators"": 100, ""n_jobs"": -1, ""oob_score"": false, ""random_state"": null, ""verbose"": 0, ""warm_start"": false}";clean_twitter_13;bow max_features=250;binary;0.65475;0.6671858774662512;0.6345679012345679;0.6504682358896482;0.8173728000000002
SVM;"{""C"": 1.0, ""break_ties"": false, ""cache_size"": 200, ""class_weight"": null, ""coef0"": 0.0, ""decision_function_shape"": ""ovr"", ""degree"": 3, ""gamma"": ""scale"", ""kernel"": ""linear"", ""max_iter"": -1, ""probability"": false, ""random_state"": null, ""shrinking"": true, ""tol"": 0.001, ""verbose"": false}";clean_twitter_13;tfidf max_features=250;binary;0.64625;0.6746849942726232;0.5817283950617284;0.6247679660567488;5.0849869000000005
SVM;"{""C"": 1.0, ""break_ties"": false, ""cache_size"": 200, ""class_weight"": null, ""coef0"": 0.0, ""decision_function_shape"": ""ovr"", ""degree"": 3, ""gamma"": ""scale"", ""kernel"": ""linear"", ""max_iter"": -1, ""probability"": false, ""random_state"": null, ""shrinking"": true, ""tol"": 0.001, ""verbose"": false}";clean_twitter_13;bow max_features=250;binary;0.63825;0.6130672926447575;0.7738271604938272;0.684130102597686;22.769799399999997
KNN;"{""algorithm"": ""auto"", ""leaf_size"": 30, ""metric"": ""minkowski"", ""metric_params"": null, ""n_jobs"": null, ""n_neighbors"": 5, ""p"": 2, ""weights"": ""uniform""}";clean_twitter_13;tfidf max_features=250;binary;0.62025;0.6078431372549019;0.7041975308641976;0.6524822695035462;0.8025941000000003
KNN;"{""algorithm"": ""auto"", ""leaf_size"": 30, ""metric"": ""minkowski"", ""metric_params"": null, ""n_jobs"": null, ""n_neighbors"": 5, ""p"": 2, ""weights"": ""uniform""}";clean_twitter_13;bow max_features=250;binary;0.6035;0.5899221630479312;0.7111111111111111;0.6448723690103001;0.9146403999999961
NB;"{""alpha"": 1.0, ""class_prior"": null, ""fit_prior"": true}";twitter_scale;tfidf max_features=250;binary;0.7016802391506031;0.7029525386313465;0.8730294722412612;0.7788138184041578;0.005275700000026973
NB;"{""alpha"": 1.0, ""class_prior"": null, ""fit_prior"": true}";twitter_scale;bow max_features=250;binary;0.6716833316152974;0.7232609061815732;0.7357779300891021;0.7294657266627028;0.07654199999996081
DT;"{""ccp_alpha"": 0.0, ""class_weight"": null, ""criterion"": ""entropy"", ""max_depth"": null, ""max_features"": null, ""max_leaf_nodes"": null, ""min_impurity_decrease"": 0.0, ""min_samples_leaf"": 1, ""min_samples_split"": 2, ""min_weight_fraction_leaf"": 0.0, ""random_state"": 1, ""splitter"": ""best""}";twitter_scale;tfidf max_features=250;binary;0.7061127718791878;0.7757251062257529;0.7194996572995203;0.7465552493554983;2.508659800000032
DT;"{""ccp_alpha"": 0.0, ""class_weight"": null, ""criterion"": ""entropy"", ""max_depth"": null, ""max_features"": null, ""max_leaf_nodes"": null, ""min_impurity_decrease"": 0.0, ""min_samples_leaf"": 1, ""min_samples_split"": 2, ""min_weight_fraction_leaf"": 0.0, ""random_state"": 1, ""splitter"": ""best""}";twitter_scale;bow max_features=250;binary;0.70673126481806;0.7857825339193579;0.704592186429061;0.7429758785798175;2.374604500000032
RF;"{""bootstrap"": true, ""ccp_alpha"": 0.0, ""class_weight"": null, ""criterion"": ""gini"", ""max_depth"": null, ""max_features"": ""sqrt"", ""max_leaf_nodes"": null, ""max_samples"": null, ""min_impurity_decrease"": 0.0, ""min_samples_leaf"": 1, ""min_samples_split"": 2, ""min_weight_fraction_leaf"": 0.0, ""n_estimators"": 100, ""n_jobs"": -1, ""oob_score"": false, ""random_state"": null, ""verbose"": 0, ""warm_start"": false}";twitter_scale;tfidf max_features=250;binary;0.7377589939181528;0.7883672039243167;0.7710760795065114;0.7796257796257796;4.322486999999967
RF;"{""bootstrap"": true, ""ccp_alpha"": 0.0, ""class_weight"": null, ""criterion"": ""gini"", ""max_depth"": null, ""max_features"": ""sqrt"", ""max_leaf_nodes"": null, ""max_samples"": null, ""min_impurity_decrease"": 0.0, ""min_samples_leaf"": 1, ""min_samples_split"": 2, ""min_weight_fraction_leaf"": 0.0, ""n_estimators"": 100, ""n_jobs"": -1, ""oob_score"": false, ""random_state"": null, ""verbose"": 0, ""warm_start"": false}";twitter_scale;bow max_features=250;binary;0.73157406452943;0.7866264632848528;0.7599383139136395;0.7730521178316193;2.2801394999999616
SVM;"{""C"": 1.0, ""break_ties"": false, ""cache_size"": 200, ""class_weight"": null, ""coef0"": 0.0, ""decision_function_shape"": ""ovr"", ""degree"": 3, ""gamma"": ""scale"", ""kernel"": ""linear"", ""max_iter"": -1, ""probability"": false, ""random_state"": null, ""shrinking"": true, ""tol"": 0.001, ""verbose"": false}";twitter_scale;tfidf max_features=250;binary;0.7439439233068755;0.8095677872183229;0.7510281014393421;0.7792;37.96908050000002
SVM;"{""C"": 1.0, ""break_ties"": false, ""cache_size"": 200, ""class_weight"": null, ""coef0"": 0.0, ""decision_function_shape"": ""ovr"", ""degree"": 3, ""gamma"": ""scale"", ""kernel"": ""linear"", ""max_iter"": -1, ""probability"": false, ""random_state"": null, ""shrinking"": true, ""tol"": 0.001, ""verbose"": false}";twitter_scale;bow max_features=250;binary;0.7401298835171631;0.8227848101265823;0.723954763536669;0.7702123780876858;191.53343519999999
KNN;"{""algorithm"": ""auto"", ""leaf_size"": 30, ""metric"": ""minkowski"", ""metric_params"": null, ""n_jobs"": null, ""n_neighbors"": 5, ""p"": 2, ""weights"": ""uniform""}";twitter_scale;tfidf max_features=250;binary;0.6672507988867127;0.7274947662247034;0.7145305003427005;0.720954356846473;5.637640099999999
KNN;"{""algorithm"": ""auto"", ""leaf_size"": 30, ""metric"": ""minkowski"", ""metric_params"": null, ""n_jobs"": null, ""n_neighbors"": 5, ""p"": 2, ""weights"": ""uniform""}";twitter_scale;bow max_features=250;binary;0.6880733944954128;0.768539755351682;0.6889993145990404;0.7265992049150706;5.318400200000042
NB;"{""alpha"": 1.0, ""class_prior"": null, ""fit_prior"": true}";clean_twitter_scale;tfidf max_features=250;binary;0.7040511287496134;0.7104461069548351;0.8678287358267051;0.7812904700236155;0.0049407999999999674
NB;"{""alpha"": 1.0, ""class_prior"": null, ""fit_prior"": true}";clean_twitter_scale;bow max_features=250;binary;0.6637460055664365;0.7218776194467729;0.7287189033677441;0.7252821290213913;0.07141720000000085
DT;"{""ccp_alpha"": 0.0, ""class_weight"": null, ""criterion"": ""entropy"", ""max_depth"": null, ""max_features"": null, ""max_leaf_nodes"": null, ""min_impurity_decrease"": 0.0, ""min_samples_leaf"": 1, ""min_samples_split"": 2, ""min_weight_fraction_leaf"": 0.0, ""random_state"": 1, ""splitter"": ""best""}";clean_twitter_scale;tfidf max_features=250;binary;0.7033295536542624;0.7813254130313718;0.7123032662040955;0.7452195467422097;2.5142549
DT;"{""ccp_alpha"": 0.0, ""class_weight"": null, ""criterion"": ""entropy"", ""max_depth"": null, ""max_features"": null, ""max_leaf_nodes"": null, ""min_impurity_decrease"": 0.0, ""min_samples_leaf"": 1, ""min_samples_split"": 2, ""min_weight_fraction_leaf"": 0.0, ""random_state"": 1, ""splitter"": ""best""}";clean_twitter_scale;bow max_features=250;binary;0.6963199670137099;0.7840843720038351;0.691995261465561;0.7351672060409925;2.332755699999999
RF;"{""bootstrap"": true, ""ccp_alpha"": 0.0, ""class_weight"": null, ""criterion"": ""gini"", ""max_depth"": null, ""max_features"": ""sqrt"", ""max_leaf_nodes"": null, ""max_samples"": null, ""min_impurity_decrease"": 0.0, ""min_samples_leaf"": 1, ""min_samples_split"": 2, ""min_weight_fraction_leaf"": 0.0, ""n_estimators"": 100, ""n_jobs"": -1, ""oob_score"": false, ""random_state"": null, ""verbose"": 0, ""warm_start"": false}";clean_twitter_scale;tfidf max_features=250;binary;0.7387898154829399;0.7962085308056872;0.7676425791166018;0.781664656212304;4.279577100000001
RF;"{""bootstrap"": true, ""ccp_alpha"": 0.0, ""class_weight"": null, ""criterion"": ""gini"", ""max_depth"": null, ""max_features"": ""sqrt"", ""max_leaf_nodes"": null, ""max_samples"": null, ""min_impurity_decrease"": 0.0, ""min_samples_leaf"": 1, ""min_samples_split"": 2, ""min_weight_fraction_leaf"": 0.0, ""n_estimators"": 100, ""n_jobs"": -1, ""oob_score"": false, ""random_state"": null, ""verbose"": 0, ""warm_start"": false}";clean_twitter_scale;bow max_features=250;binary;0.7267292031749304;0.7911007862759114;0.7491961414790996;0.7695784441547152;2.3183293000000003
SVM;"{""C"": 1.0, ""break_ties"": false, ""cache_size"": 200, ""class_weight"": null, ""coef0"": 0.0, ""decision_function_shape"": ""ovr"", ""degree"": 3, ""gamma"": ""scale"", ""kernel"": ""linear"", ""max_iter"": -1, ""probability"": false, ""random_state"": null, ""shrinking"": true, ""tol"": 0.001, ""verbose"": false}";clean_twitter_scale;tfidf max_features=250;binary;0.7329141325636532;0.8057500921489127;0.7398883059739381;0.7714159682399647;36.260407
SVM;"{""C"": 1.0, ""break_ties"": false, ""cache_size"": 200, ""class_weight"": null, ""coef0"": 0.0, ""decision_function_shape"": ""ovr"", ""degree"": 3, ""gamma"": ""scale"", ""kernel"": ""linear"", ""max_iter"": -1, ""probability"": false, ""random_state"": null, ""shrinking"": true, ""tol"": 0.001, ""verbose"": false}";clean_twitter_scale;bow max_features=250;binary;0.7330172147201319;0.8271239897496551;0.7101032323574209;0.7641595337825533;190.1672905
KNN;"{""algorithm"": ""auto"", ""leaf_size"": 30, ""metric"": ""minkowski"", ""metric_params"": null, ""n_jobs"": null, ""n_neighbors"": 5, ""p"": 2, ""weights"": ""uniform""}";clean_twitter_scale;tfidf max_features=250;binary;0.665704566539532;0.7737166324435318;0.6376713487899813;0.6991372112440858;5.66852080000001
KNN;"{""algorithm"": ""auto"", ""leaf_size"": 30, ""metric"": ""minkowski"", ""metric_params"": null, ""n_jobs"": null, ""n_neighbors"": 5, ""p"": 2, ""weights"": ""uniform""}";clean_twitter_scale;bow max_features=250;binary;0.6837439439233068;0.7864488808227466;0.6600101540023693;0.7177033492822967;4.690174300000024
NB;"{""alpha"": 1.0, ""class_prior"": null, ""fit_prior"": true}";tweeter_3;tfidf max_features=250;binary;0.9524963645176927;0.9834710743801653;0.7951002227171492;0.8793103448275861;0.0013134000000001311
NB;"{""alpha"": 1.0, ""class_prior"": null, ""fit_prior"": true}";tweeter_3;bow max_features=250;binary;0.9806107610276297;0.9269311064718163;0.9888641425389755;0.956896551724138;0.014500399999999969
DT;"{""ccp_alpha"": 0.0, ""class_weight"": null, ""criterion"": ""entropy"", ""max_depth"": null, ""max_features"": null, ""max_leaf_nodes"": null, ""min_impurity_decrease"": 0.0, ""min_samples_leaf"": 1, ""min_samples_split"": 2, ""min_weight_fraction_leaf"": 0.0, ""random_state"": 1, ""splitter"": ""best""}";tweeter_3;tfidf max_features=250;binary;0.9966068831798351;0.9955156950672646;0.9888641425389755;0.9921787709497207;0.07099619999999995
DT;"{""ccp_alpha"": 0.0, ""class_weight"": null, ""criterion"": ""entropy"", ""max_depth"": null, ""max_features"": null, ""max_leaf_nodes"": null, ""min_impurity_decrease"": 0.0, ""min_samples_leaf"": 1, ""min_samples_split"": 2, ""min_weight_fraction_leaf"": 0.0, ""random_state"": 1, ""splitter"": ""best""}";tweeter_3;bow max_features=250;binary;0.9966068831798351;0.9955156950672646;0.9888641425389755;0.9921787709497207;0.10026320000000011
RF;"{""bootstrap"": true, ""ccp_alpha"": 0.0, ""class_weight"": null, ""criterion"": ""gini"", ""max_depth"": null, ""max_features"": ""sqrt"", ""max_leaf_nodes"": null, ""max_samples"": null, ""min_impurity_decrease"": 0.0, ""min_samples_leaf"": 1, ""min_samples_split"": 2, ""min_weight_fraction_leaf"": 0.0, ""n_estimators"": 100, ""n_jobs"": -1, ""oob_score"": false, ""random_state"": null, ""verbose"": 0, ""warm_start"": false}";tweeter_3;tfidf max_features=250;binary;0.9975763451284537;1.0;0.9888641425389755;0.9944008958566629;0.1720438999999998
RF;"{""bootstrap"": true, ""ccp_alpha"": 0.0, ""class_weight"": null, ""criterion"": ""gini"", ""max_depth"": null, ""max_features"": ""sqrt"", ""max_leaf_nodes"": null, ""max_samples"": null, ""min_impurity_decrease"": 0.0, ""min_samples_leaf"": 1, ""min_samples_split"": 2, ""min_weight_fraction_leaf"": 0.0, ""n_estimators"": 100, ""n_jobs"": -1, ""oob_score"": false, ""random_state"": null, ""verbose"": 0, ""warm_start"": false}";tweeter_3;bow max_features=250;binary;0.9975763451284537;1.0;0.9888641425389755;0.9944008958566629;0.17059389999999963
SVM;"{""C"": 1.0, ""break_ties"": false, ""cache_size"": 200, ""class_weight"": null, ""coef0"": 0.0, ""decision_function_shape"": ""ovr"", ""degree"": 3, ""gamma"": ""scale"", ""kernel"": ""linear"", ""max_iter"": -1, ""probability"": false, ""random_state"": null, ""shrinking"": true, ""tol"": 0.001, ""verbose"": false}";tweeter_3;tfidf max_features=250;binary;0.9970916141541445;1.0;0.9866369710467706;0.9932735426008968;0.4441151999999997
SVM;"{""C"": 1.0, ""break_ties"": false, ""cache_size"": 200, ""class_weight"": null, ""coef0"": 0.0, ""decision_function_shape"": ""ovr"", ""degree"": 3, ""gamma"": ""scale"", ""kernel"": ""linear"", ""max_iter"": -1, ""probability"": false, ""random_state"": null, ""shrinking"": true, ""tol"": 0.001, ""verbose"": false}";tweeter_3;bow max_features=250;binary;0.9970916141541445;1.0;0.9866369710467706;0.9932735426008968;0.2399880999999997
KNN;"{""algorithm"": ""auto"", ""leaf_size"": 30, ""metric"": ""minkowski"", ""metric_params"": null, ""n_jobs"": null, ""n_neighbors"": 5, ""p"": 2, ""weights"": ""uniform""}";tweeter_3;tfidf max_features=250;binary;0.8793019873969947;0.9629629629629629;0.46325167037861914;0.625563909774436;0.3209700999999998
KNN;"{""algorithm"": ""auto"", ""leaf_size"": 30, ""metric"": ""minkowski"", ""metric_params"": null, ""n_jobs"": null, ""n_neighbors"": 5, ""p"": 2, ""weights"": ""uniform""}";tweeter_3;bow max_features=250;binary;0.9554047503635482;1.0;0.7951002227171492;0.8858560794044664;0.2569661000000001
NB;"{""alpha"": 1.0, ""class_prior"": null, ""fit_prior"": true}";tweeter_3;tfidf max_features=None;binary;0.879786718371304;0.9956896551724138;0.48326359832635984;0.6507042253521127;0.0024863999999999997
NB;"{""alpha"": 1.0, ""class_prior"": null, ""fit_prior"": true}";tweeter_3;bow max_features=None;binary;0.971885603490063;0.9150197628458498;0.9686192468619247;0.9410569105691056;2.1232911999999997
DT;"{""ccp_alpha"": 0.0, ""class_weight"": null, ""criterion"": ""entropy"", ""max_depth"": null, ""max_features"": null, ""max_leaf_nodes"": null, ""min_impurity_decrease"": 0.0, ""min_samples_leaf"": 1, ""min_samples_split"": 2, ""min_weight_fraction_leaf"": 0.0, ""random_state"": 1, ""splitter"": ""best""}";tweeter_3;tfidf max_features=None;binary;0.9714008725157538;0.8945386064030132;0.9937238493723849;0.9415262636273538;0.5219418999999998
DT;"{""ccp_alpha"": 0.0, ""class_weight"": null, ""criterion"": ""entropy"", ""max_depth"": null, ""max_features"": null, ""max_leaf_nodes"": null, ""min_impurity_decrease"": 0.0, ""min_samples_leaf"": 1, ""min_samples_split"": 2, ""min_weight_fraction_leaf"": 0.0, ""random_state"": 1, ""splitter"": ""best""}";tweeter_3;bow max_features=None;binary;0.9660688317983519;0.8777777777777778;0.9916317991631799;0.9312377210216108;18.6709089
RF;"{""bootstrap"": true, ""ccp_alpha"": 0.0, ""class_weight"": null, ""criterion"": ""gini"", ""max_depth"": null, ""max_features"": ""sqrt"", ""max_leaf_nodes"": null, ""max_samples"": null, ""min_impurity_decrease"": 0.0, ""min_samples_leaf"": 1, ""min_samples_split"": 2, ""min_weight_fraction_leaf"": 0.0, ""n_estimators"": 100, ""n_jobs"": -1, ""oob_score"": false, ""random_state"": null, ""verbose"": 0, ""warm_start"": false}";tweeter_3;tfidf max_features=None;binary;0.9733397964129908;0.9028571428571428;0.9916317991631799;0.9451645064805583;1.670735399999998
RF;"{""bootstrap"": true, ""ccp_alpha"": 0.0, ""class_weight"": null, ""criterion"": ""gini"", ""max_depth"": null, ""max_features"": ""sqrt"", ""max_leaf_nodes"": null, ""max_samples"": null, ""min_impurity_decrease"": 0.0, ""min_samples_leaf"": 1, ""min_samples_split"": 2, ""min_weight_fraction_leaf"": 0.0, ""n_estimators"": 100, ""n_jobs"": -1, ""oob_score"": false, ""random_state"": null, ""verbose"": 0, ""warm_start"": false}";tweeter_3;bow max_features=None;binary;0.9752787203102278;0.9097888675623801;0.9916317991631799;0.948948948948949;21.760727799999998
SVM;"{""C"": 1.0, ""break_ties"": false, ""cache_size"": 200, ""class_weight"": null, ""coef0"": 0.0, ""decision_function_shape"": ""ovr"", ""degree"": 3, ""gamma"": ""scale"", ""kernel"": ""linear"", ""max_iter"": -1, ""probability"": false, ""random_state"": null, ""shrinking"": true, ""tol"": 0.001, ""verbose"": false}";tweeter_3;tfidf max_features=None;binary;0.9966068831798351;1.0;0.9853556485355649;0.9926238145416227;2.386156700000001
SVM;"{""C"": 1.0, ""break_ties"": false, ""cache_size"": 200, ""class_weight"": null, ""coef0"": 0.0, ""decision_function_shape"": ""ovr"", ""degree"": 3, ""gamma"": ""scale"", ""kernel"": ""linear"", ""max_iter"": -1, ""probability"": false, ""random_state"": null, ""shrinking"": true, ""tol"": 0.001, ""verbose"": false}";tweeter_3;bow max_features=None;binary;0.9975763451284537;1.0;0.9895397489539749;0.9947423764458464;655.357808
KNN;"{""algorithm"": ""auto"", ""leaf_size"": 30, ""metric"": ""minkowski"", ""metric_params"": null, ""n_jobs"": null, ""n_neighbors"": 5, ""p"": 2, ""weights"": ""uniform""}";tweeter_3;tfidf max_features=None;binary;0.7649054774600097;0.4960091220068415;0.9100418410041841;0.6420664206642066;0.3275249000000713
KNN;"{""algorithm"": ""auto"", ""leaf_size"": 30, ""metric"": ""minkowski"", ""metric_params"": null, ""n_jobs"": null, ""n_neighbors"": 5, ""p"": 2, ""weights"": ""uniform""}";tweeter_3;bow max_features=None;binary;0.8613669413475521;0.6804511278195489;0.7573221757322176;0.7168316831683169;3.0926635000000715
NB;"{""alpha"": 1.0, ""class_prior"": null, ""fit_prior"": true}";clean_twitter_scale;tfidf max_features=250;micro;0.704566539532007;0.7103390539974885;0.8656691038938956;0.780349478847333;0.0057811000000000945
NB;"{""alpha"": 1.0, ""class_prior"": null, ""fit_prior"": true}";clean_twitter_scale;bow max_features=250;micro;0.6706525100505103;0.7280910326086957;0.7289576602618603;0.7285240887076218;0.0737268000000002
DT;"{""ccp_alpha"": 0.0, ""class_weight"": null, ""criterion"": ""entropy"", ""max_depth"": null, ""max_features"": null, ""max_leaf_nodes"": null, ""min_impurity_decrease"": 0.0, ""min_samples_leaf"": 1, ""min_samples_split"": 2, ""min_weight_fraction_leaf"": 0.0, ""random_state"": 1, ""splitter"": ""best""}";clean_twitter_scale;tfidf max_features=250;micro;0.7110607153901659;0.7875560538116592;0.7167148444142153;0.7504673729190776;2.5147137000000006
DT;"{""ccp_alpha"": 0.0, ""class_weight"": null, ""criterion"": ""entropy"", ""max_depth"": null, ""max_features"": null, ""max_leaf_nodes"": null, ""min_impurity_decrease"": 0.0, ""min_samples_leaf"": 1, ""min_samples_split"": 2, ""min_weight_fraction_leaf"": 0.0, ""random_state"": 1, ""splitter"": ""best""}";clean_twitter_scale;bow max_features=250;micro;0.7047727038449645;0.7927420919852514;0.6946097602448563;0.7404386441906834;2.4046509999999994
RF;"{""bootstrap"": true, ""ccp_alpha"": 0.0, ""class_weight"": null, ""criterion"": ""gini"", ""max_depth"": null, ""max_features"": ""sqrt"", ""max_leaf_nodes"": null, ""max_samples"": null, ""min_impurity_decrease"": 0.0, ""min_samples_leaf"": 1, ""min_samples_split"": 2, ""min_weight_fraction_leaf"": 0.0, ""n_estimators"": 100, ""n_jobs"": -1, ""oob_score"": false, ""random_state"": null, ""verbose"": 0, ""warm_start"": false}";clean_twitter_scale;tfidf max_features=250;micro;0.7426038552726523;0.8020349875044627;0.7639857167148444;0.7825481146041975;4.2858505000000005
RF;"{""bootstrap"": true, ""ccp_alpha"": 0.0, ""class_weight"": null, ""criterion"": ""gini"", ""max_depth"": null, ""max_features"": ""sqrt"", ""max_leaf_nodes"": null, ""max_samples"": null, ""min_impurity_decrease"": 0.0, ""min_samples_leaf"": 1, ""min_samples_split"": 2, ""min_weight_fraction_leaf"": 0.0, ""n_estimators"": 100, ""n_jobs"": -1, ""oob_score"": false, ""random_state"": null, ""verbose"": 0, ""warm_start"": false}";clean_twitter_scale;bow max_features=250;micro;0.7331202968766106;0.8015756687431294;0.7439211018534263;0.7716729870358938;2.3380905
SVM;"{""C"": 1.0, ""break_ties"": false, ""cache_size"": 200, ""class_weight"": null, ""coef0"": 0.0, ""decision_function_shape"": ""ovr"", ""degree"": 3, ""gamma"": ""scale"", ""kernel"": ""linear"", ""max_iter"": -1, ""probability"": false, ""random_state"": null, ""shrinking"": true, ""tol"": 0.001, ""verbose"": false}";clean_twitter_scale;tfidf max_features=250;micro;0.7409545407689929;0.8185773741959894;0.735759224621663;0.774961941434584;39.0492471
SVM;"{""C"": 1.0, ""break_ties"": false, ""cache_size"": 200, ""class_weight"": null, ""coef0"": 0.0, ""decision_function_shape"": ""ovr"", ""degree"": 3, ""gamma"": ""scale"", ""kernel"": ""linear"", ""max_iter"": -1, ""probability"": false, ""random_state"": null, ""shrinking"": true, ""tol"": 0.001, ""verbose"": false}";clean_twitter_scale;bow max_features=250;micro;0.7364189258839295;0.8321342925659473;0.7080428498554667;0.7650895728066145;200.34827930000003
KNN;"{""algorithm"": ""auto"", ""leaf_size"": 30, ""metric"": ""minkowski"", ""metric_params"": null, ""n_jobs"": null, ""n_neighbors"": 5, ""p"": 2, ""weights"": ""uniform""}";clean_twitter_scale;tfidf max_features=250;micro;0.6696216884857231;0.775990099009901;0.639687128039449;0.7012769130394259;5.337503099999992
KNN;"{""algorithm"": ""auto"", ""leaf_size"": 30, ""metric"": ""minkowski"", ""metric_params"": null, ""n_jobs"": null, ""n_neighbors"": 5, ""p"": 2, ""weights"": ""uniform""}";clean_twitter_scale;bow max_features=250;micro;0.6743634676837439;0.7441693577323286;0.7053222241115457;0.7242252291575731;5.2113520000000335
NB;"{""alpha"": 1.0, ""class_prior"": null, ""fit_prior"": true}";clean_twitter_scale;tfidf max_features=250;binary;0.7055973610967942;0.7079855314412911;0.8705097502565857;0.7808807733619764;0.005411300000000452
NB;"{""alpha"": 1.0, ""class_prior"": null, ""fit_prior"": true}";clean_twitter_scale;bow max_features=250;binary;0.6708586743634677;0.7251739942284842;0.7307560725282244;0.7279543324529266;0.07466120000000043
DT;"{""ccp_alpha"": 0.0, ""class_weight"": null, ""criterion"": ""entropy"", ""max_depth"": null, ""max_features"": null, ""max_leaf_nodes"": null, ""min_impurity_decrease"": 0.0, ""min_samples_leaf"": 1, ""min_samples_split"": 2, ""min_weight_fraction_leaf"": 0.0, ""random_state"": 1, ""splitter"": ""best""}";clean_twitter_scale;tfidf max_features=250;binary;0.7049788681579219;0.7757855822550832;0.7179267875470408;0.7457356076759062;2.5365463999999998
DT;"{""ccp_alpha"": 0.0, ""class_weight"": null, ""criterion"": ""entropy"", ""max_depth"": null, ""max_features"": null, ""max_leaf_nodes"": null, ""min_impurity_decrease"": 0.0, ""min_samples_leaf"": 1, ""min_samples_split"": 2, ""min_weight_fraction_leaf"": 0.0, ""random_state"": 1, ""splitter"": ""best""}";clean_twitter_scale;bow max_features=250;binary;0.6949798989794866;0.7750047628119642;0.6958604173794047;0.7333032897701668;2.443584399999999
RF;"{""bootstrap"": true, ""ccp_alpha"": 0.0, ""class_weight"": null, ""criterion"": ""gini"", ""max_depth"": null, ""max_features"": ""sqrt"", ""max_leaf_nodes"": null, ""max_samples"": null, ""min_impurity_decrease"": 0.0, ""min_samples_leaf"": 1, ""min_samples_split"": 2, ""min_weight_fraction_leaf"": 0.0, ""n_estimators"": 100, ""n_jobs"": -1, ""oob_score"": false, ""random_state"": null, ""verbose"": 0, ""warm_start"": false}";clean_twitter_scale;tfidf max_features=250;binary;0.7347696113802701;0.7876603972578661;0.7665070133424564;0.7769397485912442;4.362128100000001
RF;"{""bootstrap"": true, ""ccp_alpha"": 0.0, ""class_weight"": null, ""criterion"": ""gini"", ""max_depth"": null, ""max_features"": ""sqrt"", ""max_leaf_nodes"": null, ""max_samples"": null, ""min_impurity_decrease"": 0.0, ""min_samples_leaf"": 1, ""min_samples_split"": 2, ""min_weight_fraction_leaf"": 0.0, ""n_estimators"": 100, ""n_jobs"": -1, ""oob_score"": false, ""random_state"": null, ""verbose"": 0, ""warm_start"": false}";clean_twitter_scale;bow max_features=250;binary;0.7267292031749304;0.7864443249058634;0.7502565856996237;0.7679243631270245;2.3374817000000014
SVM;"{""C"": 1.0, ""break_ties"": false, ""cache_size"": 200, ""class_weight"": null, ""coef0"": 0.0, ""decision_function_shape"": ""ovr"", ""degree"": 3, ""gamma"": ""scale"", ""kernel"": ""linear"", ""max_iter"": -1, ""probability"": false, ""random_state"": null, ""shrinking"": true, ""tol"": 0.001, ""verbose"": false}";clean_twitter_scale;tfidf max_features=250;binary;0.7326048860942171;0.8062146892655367;0.7322955867259665;0.7674793832915023;39.030901799999995
SVM;"{""C"": 1.0, ""break_ties"": false, ""cache_size"": 200, ""class_weight"": null, ""coef0"": 0.0, ""decision_function_shape"": ""ovr"", ""degree"": 3, ""gamma"": ""scale"", ""kernel"": ""linear"", ""max_iter"": -1, ""probability"": false, ""random_state"": null, ""shrinking"": true, ""tol"": 0.001, ""verbose"": false}";clean_twitter_scale;bow max_features=250;binary;0.7286877641480259;0.8223024468511834;0.7013342456380431;0.7570162481536189;274.6813429
KNN;"{""algorithm"": ""auto"", ""leaf_size"": 30, ""metric"": ""minkowski"", ""metric_params"": null, ""n_jobs"": null, ""n_neighbors"": 5, ""p"": 2, ""weights"": ""uniform""}";clean_twitter_scale;tfidf max_features=250;binary;0.6601381300896815;0.7253757736516357;0.701676359904208;0.7133292757151551;6.80563189999998
KNN;"{""algorithm"": ""auto"", ""leaf_size"": 30, ""metric"": ""minkowski"", ""metric_params"": null, ""n_jobs"": null, ""n_neighbors"": 5, ""p"": 2, ""weights"": ""uniform""}";clean_twitter_scale;bow max_features=250;binary;0.6865271621482322;0.7745155607751028;0.6768730756072528;0.722409858512095;7.5473418000000265
NB;"{""alpha"": 1.0, ""class_prior"": null, ""fit_prior"": true}";clean_twitter_scale;tfidf max_features=250;macro;0.703844964436656;0.7066115702479339;0.8734888472671548;0.781238102489911;0.005360099999999868
NB;"{""alpha"": 1.0, ""class_prior"": null, ""fit_prior"": true}";clean_twitter_scale;bow max_features=250;macro;0.6665292237913617;0.7213830144343739;0.7318235995232419;0.7265658017073789;0.0776665000000003
DT;"{""ccp_alpha"": 0.0, ""class_weight"": null, ""criterion"": ""entropy"", ""max_depth"": null, ""max_features"": null, ""max_leaf_nodes"": null, ""min_impurity_decrease"": 0.0, ""min_samples_leaf"": 1, ""min_samples_split"": 2, ""min_weight_fraction_leaf"": 0.0, ""random_state"": 1, ""splitter"": ""best""}";clean_twitter_scale;tfidf max_features=250;macro;0.7141531800845273;0.7840909090909091;0.7284181849140133;0.7552299408597404;2.5826063999999995
DT;"{""ccp_alpha"": 0.0, ""class_weight"": null, ""criterion"": ""entropy"", ""max_depth"": null, ""max_features"": null, ""max_leaf_nodes"": null, ""min_impurity_decrease"": 0.0, ""min_samples_leaf"": 1, ""min_samples_split"": 2, ""min_weight_fraction_leaf"": 0.0, ""random_state"": 1, ""splitter"": ""best""}";clean_twitter_scale;bow max_features=250;macro;0.698484692299763;0.7728619029988893;0.7108802996764856;0.7405764966740576;2.714539499999999
RF;"{""bootstrap"": true, ""ccp_alpha"": 0.0, ""class_weight"": null, ""criterion"": ""gini"", ""max_depth"": null, ""max_features"": ""sqrt"", ""max_leaf_nodes"": null, ""max_samples"": null, ""min_impurity_decrease"": 0.0, ""min_samples_leaf"": 1, ""min_samples_split"": 2, ""min_weight_fraction_leaf"": 0.0, ""n_estimators"": 100, ""n_jobs"": -1, ""oob_score"": false, ""random_state"": null, ""verbose"": 0, ""warm_start"": false}";clean_twitter_scale;tfidf max_features=250;macro;0.7397175548912484;0.7924528301886793;0.7723480333730631;0.7822712770544106;4.4789043
RF;"{""bootstrap"": true, ""ccp_alpha"": 0.0, ""class_weight"": null, ""criterion"": ""gini"", ""max_depth"": null, ""max_features"": ""sqrt"", ""max_leaf_nodes"": null, ""max_samples"": null, ""min_impurity_decrease"": 0.0, ""min_samples_leaf"": 1, ""min_samples_split"": 2, ""min_weight_fraction_leaf"": 0.0, ""n_estimators"": 100, ""n_jobs"": -1, ""oob_score"": false, ""random_state"": null, ""verbose"": 0, ""warm_start"": false}";clean_twitter_scale;bow max_features=250;macro;0.7296155035563344;0.7856891701828411;0.7609398944321472;0.7731165124124211;2.5290639000000006
SVM;"{""C"": 1.0, ""break_ties"": false, ""cache_size"": 200, ""class_weight"": null, ""coef0"": 0.0, ""decision_function_shape"": ""ovr"", ""degree"": 3, ""gamma"": ""scale"", ""kernel"": ""linear"", ""max_iter"": -1, ""probability"": false, ""random_state"": null, ""shrinking"": true, ""tol"": 0.001, ""verbose"": false}";clean_twitter_scale;tfidf max_features=250;macro;0.7370374188228018;0.8078206078576724;0.7422101140813894;0.7736267636879935;39.147379900000004
SVM;"{""C"": 1.0, ""break_ties"": false, ""cache_size"": 200, ""class_weight"": null, ""coef0"": 0.0, ""decision_function_shape"": ""ovr"", ""degree"": 3, ""gamma"": ""scale"", ""kernel"": ""linear"", ""max_iter"": -1, ""probability"": false, ""random_state"": null, ""shrinking"": true, ""tol"": 0.001, ""verbose"": false}";clean_twitter_scale;bow max_features=250;macro;0.737655911761674;0.8229813664596274;0.7219478971564788;0.7691609977324264;318.990861
KNN;"{""algorithm"": ""auto"", ""leaf_size"": 30, ""metric"": ""minkowski"", ""metric_params"": null, ""n_jobs"": null, ""n_neighbors"": 5, ""p"": 2, ""weights"": ""uniform""}";clean_twitter_scale;tfidf max_features=250;macro;0.6681785382950212;0.7666800643086816;0.6495828367103695;0.7032906258641349;7.26603990000001
KNN;"{""algorithm"": ""auto"", ""leaf_size"": 30, ""metric"": ""minkowski"", ""metric_params"": null, ""n_jobs"": null, ""n_neighbors"": 5, ""p"": 2, ""weights"": ""uniform""}";clean_twitter_scale;bow max_features=250;macro;0.6821977115761262;0.7354033074586568;0.742039843350928;0.7387066700567844;5.798504700000024
NB;"{""alpha"": 1.0, ""class_prior"": null, ""fit_prior"": true}";clean_tweeter_3;tfidf max_features=250;macro;0.9554047503635482;0.947242206235012;0.8494623655913979;0.8956916099773243;0.0011994999999993539
NB;"{""alpha"": 1.0, ""class_prior"": null, ""fit_prior"": true}";clean_tweeter_3;bow max_features=250;macro;0.9796412990790111;0.9290060851926978;0.9849462365591398;0.9561586638830898;0.014296700000000051
DT;"{""ccp_alpha"": 0.0, ""class_weight"": null, ""criterion"": ""entropy"", ""max_depth"": null, ""max_features"": null, ""max_leaf_nodes"": null, ""min_impurity_decrease"": 0.0, ""min_samples_leaf"": 1, ""min_samples_split"": 2, ""min_weight_fraction_leaf"": 0.0, ""random_state"": 1, ""splitter"": ""best""}";clean_tweeter_3;tfidf max_features=250;macro;0.9946679592825982;0.9934782608695653;0.9827956989247312;0.9881081081081081;0.06642179999999964
DT;"{""ccp_alpha"": 0.0, ""class_weight"": null, ""criterion"": ""entropy"", ""max_depth"": null, ""max_features"": null, ""max_leaf_nodes"": null, ""min_impurity_decrease"": 0.0, ""min_samples_leaf"": 1, ""min_samples_split"": 2, ""min_weight_fraction_leaf"": 0.0, ""random_state"": 1, ""splitter"": ""best""}";clean_tweeter_3;bow max_features=250;macro;0.9936984973339796;0.9870689655172413;0.9849462365591398;0.9860064585575887;0.19269659999999966
RF;"{""bootstrap"": true, ""ccp_alpha"": 0.0, ""class_weight"": null, ""criterion"": ""gini"", ""max_depth"": null, ""max_features"": ""sqrt"", ""max_leaf_nodes"": null, ""max_samples"": null, ""min_impurity_decrease"": 0.0, ""min_samples_leaf"": 1, ""min_samples_split"": 2, ""min_weight_fraction_leaf"": 0.0, ""n_estimators"": 100, ""n_jobs"": -1, ""oob_score"": false, ""random_state"": null, ""verbose"": 0, ""warm_start"": false}";clean_tweeter_3;tfidf max_features=250;macro;0.9966068831798351;1.0;0.9849462365591398;0.9924160346695559;0.16615420000000025
RF;"{""bootstrap"": true, ""ccp_alpha"": 0.0, ""class_weight"": null, ""criterion"": ""gini"", ""max_depth"": null, ""max_features"": ""sqrt"", ""max_leaf_nodes"": null, ""max_samples"": null, ""min_impurity_decrease"": 0.0, ""min_samples_leaf"": 1, ""min_samples_split"": 2, ""min_weight_fraction_leaf"": 0.0, ""n_estimators"": 100, ""n_jobs"": -1, ""oob_score"": false, ""random_state"": null, ""verbose"": 0, ""warm_start"": false}";clean_tweeter_3;bow max_features=250;macro;0.9966068831798351;1.0;0.9849462365591398;0.9924160346695559;0.2288408999999998
SVM;"{""C"": 1.0, ""break_ties"": false, ""cache_size"": 200, ""class_weight"": null, ""coef0"": 0.0, ""decision_function_shape"": ""ovr"", ""degree"": 3, ""gamma"": ""scale"", ""kernel"": ""linear"", ""max_iter"": -1, ""probability"": false, ""random_state"": null, ""shrinking"": true, ""tol"": 0.001, ""verbose"": false}";clean_tweeter_3;tfidf max_features=250;macro;0.9956374212312167;1.0;0.9806451612903225;0.990228013029316;0.20688149999999972
SVM;"{""C"": 1.0, ""break_ties"": false, ""cache_size"": 200, ""class_weight"": null, ""coef0"": 0.0, ""decision_function_shape"": ""ovr"", ""degree"": 3, ""gamma"": ""scale"", ""kernel"": ""linear"", ""max_iter"": -1, ""probability"": false, ""random_state"": null, ""shrinking"": true, ""tol"": 0.001, ""verbose"": false}";clean_tweeter_3;bow max_features=250;macro;0.9966068831798351;1.0;0.9849462365591398;0.9924160346695559;0.23846149999999966
KNN;"{""algorithm"": ""auto"", ""leaf_size"": 30, ""metric"": ""minkowski"", ""metric_params"": null, ""n_jobs"": null, ""n_neighbors"": 5, ""p"": 2, ""weights"": ""uniform""}";clean_tweeter_3;tfidf max_features=250;macro;0.8710615608337373;0.8618181818181818;0.5096774193548387;0.6405405405405405;0.2342808000000005
KNN;"{""algorithm"": ""auto"", ""leaf_size"": 30, ""metric"": ""minkowski"", ""metric_params"": null, ""n_jobs"": null, ""n_neighbors"": 5, ""p"": 2, ""weights"": ""uniform""}";clean_tweeter_3;bow max_features=250;macro;0.9752787203102278;0.9975961538461539;0.8924731182795699;0.94211123723042;0.23489699999999925
NB;"{""alpha"": 1.0, ""class_prior"": null, ""fit_prior"": true}";clean_reddit_cleaned;tfidf max_features=250;macro;0.870071105365223;0.8218390804597702;0.9395532194480947;0.8767627222562846;0.001183799999999735
NB;"{""alpha"": 1.0, ""class_prior"": null, ""fit_prior"": true}";clean_reddit_cleaned;bow max_features=250;macro;0.8661926308985133;0.8091517857142857;0.9526938239159002;0.8750754375377187;0.011055000000000259
DT;"{""ccp_alpha"": 0.0, ""class_weight"": null, ""criterion"": ""entropy"", ""max_depth"": null, ""max_features"": null, ""max_leaf_nodes"": null, ""min_impurity_decrease"": 0.0, ""min_samples_leaf"": 1, ""min_samples_split"": 2, ""min_weight_fraction_leaf"": 0.0, ""random_state"": 1, ""splitter"": ""best""}";clean_reddit_cleaned;tfidf max_features=250;macro;0.9340659340659341;0.953232462173315;0.9106438896189225;0.9314516129032259;0.11782460000000006
DT;"{""ccp_alpha"": 0.0, ""class_weight"": null, ""criterion"": ""entropy"", ""max_depth"": null, ""max_features"": null, ""max_leaf_nodes"": null, ""min_impurity_decrease"": 0.0, ""min_samples_leaf"": 1, ""min_samples_split"": 2, ""min_weight_fraction_leaf"": 0.0, ""random_state"": 1, ""splitter"": ""best""}";clean_reddit_cleaned;bow max_features=250;macro;0.9120879120879121;0.9334257975034674;0.8843626806833115;0.9082321187584346;0.13508030000000026
RF;"{""bootstrap"": true, ""ccp_alpha"": 0.0, ""class_weight"": null, ""criterion"": ""gini"", ""max_depth"": null, ""max_features"": ""sqrt"", ""max_leaf_nodes"": null, ""max_samples"": null, ""min_impurity_decrease"": 0.0, ""min_samples_leaf"": 1, ""min_samples_split"": 2, ""min_weight_fraction_leaf"": 0.0, ""n_estimators"": 100, ""n_jobs"": -1, ""oob_score"": false, ""random_state"": null, ""verbose"": 0, ""warm_start"": false}";clean_reddit_cleaned;tfidf max_features=250;macro;0.9599224305106658;0.9901823281907434;0.9277266754270697;0.9579375848032564;0.2604077
RF;"{""bootstrap"": true, ""ccp_alpha"": 0.0, ""class_weight"": null, ""criterion"": ""gini"", ""max_depth"": null, ""max_features"": ""sqrt"", ""max_leaf_nodes"": null, ""max_samples"": null, ""min_impurity_decrease"": 0.0, ""min_samples_leaf"": 1, ""min_samples_split"": 2, ""min_weight_fraction_leaf"": 0.0, ""n_estimators"": 100, ""n_jobs"": -1, ""oob_score"": false, ""random_state"": null, ""verbose"": 0, ""warm_start"": false}";clean_reddit_cleaned;bow max_features=250;macro;0.9502262443438914;0.975;0.9224704336399474;0.9480081026333558;0.17800079999999996
SVM;"{""C"": 1.0, ""break_ties"": false, ""cache_size"": 200, ""class_weight"": null, ""coef0"": 0.0, ""decision_function_shape"": ""ovr"", ""degree"": 3, ""gamma"": ""scale"", ""kernel"": ""linear"", ""max_iter"": -1, ""probability"": false, ""random_state"": null, ""shrinking"": true, ""tol"": 0.001, ""verbose"": false}";clean_reddit_cleaned;tfidf max_features=250;macro;0.9547511312217195;0.9832167832167832;0.923784494086728;0.9525745257452575;0.5458859999999999
SVM;"{""C"": 1.0, ""break_ties"": false, ""cache_size"": 200, ""class_weight"": null, ""coef0"": 0.0, ""decision_function_shape"": ""ovr"", ""degree"": 3, ""gamma"": ""scale"", ""kernel"": ""linear"", ""max_iter"": -1, ""probability"": false, ""random_state"": null, ""shrinking"": true, ""tol"": 0.001, ""verbose"": false}";clean_reddit_cleaned;bow max_features=250;macro;0.9592760180995475;0.9820441988950276;0.9342969776609724;0.9575757575757575;0.43465139999999947
KNN;"{""algorithm"": ""auto"", ""leaf_size"": 30, ""metric"": ""minkowski"", ""metric_params"": null, ""n_jobs"": null, ""n_neighbors"": 5, ""p"": 2, ""weights"": ""uniform""}";clean_reddit_cleaned;tfidf max_features=250;macro;0.6347769877181642;0.9016393442622951;0.2890932982917214;0.4378109452736318;0.1983164000000004
KNN;"{""algorithm"": ""auto"", ""leaf_size"": 30, ""metric"": ""minkowski"", ""metric_params"": null, ""n_jobs"": null, ""n_neighbors"": 5, ""p"": 2, ""weights"": ""uniform""}";clean_reddit_cleaned;bow max_features=250;macro;0.8002585649644474;0.9956140350877193;0.5965834428383706;0.7460969597370585;0.1414105000000001
NB;"{""alpha"": 1.0, ""class_prior"": null, ""fit_prior"": true}";clean_reddit_cleaned;tfidf max_features=250;macro;0.8577892695539754;0.8067415730337079;0.9373368146214099;0.8671497584541064;0.0012669000000000707
NB;"{""alpha"": 1.0, ""class_prior"": null, ""fit_prior"": true}";clean_reddit_cleaned;bow max_features=250;macro;0.8623141564318035;0.804851157662624;0.9530026109660574;0.8726838015540945;0.025338599999999545
DT;"{""ccp_alpha"": 0.0, ""class_weight"": null, ""criterion"": ""entropy"", ""max_depth"": null, ""max_features"": null, ""max_leaf_nodes"": null, ""min_impurity_decrease"": 0.0, ""min_samples_leaf"": 1, ""min_samples_split"": 2, ""min_weight_fraction_leaf"": 0.0, ""random_state"": 1, ""splitter"": ""best""}";clean_reddit_cleaned;tfidf max_features=250;macro;0.9256625727213963;0.9369127516778524;0.9112271540469974;0.9238914626075447;0.11868329999999983
DT;"{""ccp_alpha"": 0.0, ""class_weight"": null, ""criterion"": ""entropy"", ""max_depth"": null, ""max_features"": null, ""max_leaf_nodes"": null, ""min_impurity_decrease"": 0.0, ""min_samples_leaf"": 1, ""min_samples_split"": 2, ""min_weight_fraction_leaf"": 0.0, ""random_state"": 1, ""splitter"": ""best""}";clean_reddit_cleaned;bow max_features=250;macro;0.9204912734324499;0.9521800281293952;0.8838120104438643;0.9167230873392012;0.15174269999999979
RF;"{""bootstrap"": true, ""ccp_alpha"": 0.0, ""class_weight"": null, ""criterion"": ""gini"", ""max_depth"": null, ""max_features"": ""sqrt"", ""max_leaf_nodes"": null, ""max_samples"": null, ""min_impurity_decrease"": 0.0, ""min_samples_leaf"": 1, ""min_samples_split"": 2, ""min_weight_fraction_leaf"": 0.0, ""n_estimators"": 100, ""n_jobs"": -1, ""oob_score"": false, ""random_state"": null, ""verbose"": 0, ""warm_start"": false}";clean_reddit_cleaned;tfidf max_features=250;macro;0.9528118939883645;0.9740082079343365;0.9295039164490861;0.9512358049432197;0.2687704999999996
RF;"{""bootstrap"": true, ""ccp_alpha"": 0.0, ""class_weight"": null, ""criterion"": ""gini"", ""max_depth"": null, ""max_features"": ""sqrt"", ""max_leaf_nodes"": null, ""max_samples"": null, ""min_impurity_decrease"": 0.0, ""min_samples_leaf"": 1, ""min_samples_split"": 2, ""min_weight_fraction_leaf"": 0.0, ""n_estimators"": 100, ""n_jobs"": -1, ""oob_score"": false, ""random_state"": null, ""verbose"": 0, ""warm_start"": false}";clean_reddit_cleaned;bow max_features=250;macro;0.9457013574660633;0.9762569832402235;0.912532637075718;0.9433198380566802;0.17397170000000006
SVM;"{""C"": 1.0, ""break_ties"": false, ""cache_size"": 200, ""class_weight"": null, ""coef0"": 0.0, ""decision_function_shape"": ""ovr"", ""degree"": 3, ""gamma"": ""scale"", ""kernel"": ""linear"", ""max_iter"": -1, ""probability"": false, ""random_state"": null, ""shrinking"": true, ""tol"": 0.001, ""verbose"": false}";clean_reddit_cleaned;tfidf max_features=250;macro;0.9489334195216548;0.9711934156378601;0.9242819843342036;0.9471571906354516;0.5514963999999996
SVM;"{""C"": 1.0, ""break_ties"": false, ""cache_size"": 200, ""class_weight"": null, ""coef0"": 0.0, ""decision_function_shape"": ""ovr"", ""degree"": 3, ""gamma"": ""scale"", ""kernel"": ""linear"", ""max_iter"": -1, ""probability"": false, ""random_state"": null, ""shrinking"": true, ""tol"": 0.001, ""verbose"": false}";clean_reddit_cleaned;bow max_features=250;macro;0.9560439560439561;0.976775956284153;0.933420365535248;0.9546061415220294;0.4660535000000001
KNN;"{""algorithm"": ""auto"", ""leaf_size"": 30, ""metric"": ""minkowski"", ""metric_params"": null, ""n_jobs"": null, ""n_neighbors"": 5, ""p"": 2, ""weights"": ""uniform""}";clean_reddit_cleaned;tfidf max_features=250;macro;0.6502908855850033;0.9343629343629344;0.31592689295039167;0.47219512195121954;0.1859592999999995
KNN;"{""algorithm"": ""auto"", ""leaf_size"": 30, ""metric"": ""minkowski"", ""metric_params"": null, ""n_jobs"": null, ""n_neighbors"": 5, ""p"": 2, ""weights"": ""uniform""}";clean_reddit_cleaned;bow max_features=250;macro;0.8118939883645766;0.9958246346555324;0.6227154046997389;0.7662650602409637;0.16533039999999932
